event_name,event_date
"1 Date Commencement of classes for MCA S3 End of Internship Commencement of S3/S5/S7/S9 Classes Commencement of Internship for B. Des S7 Class Date Class Date  01-07-2025 18-07-2025 01-07-2025 Class",2025-05-11
"2 Class Class Class Class Days Days Days Date Date Date 2 2  02-06-2025 01-07-2025 01-07-2025 01-07-2025 Class Class Class Class",2025-06-30
"3 Mon Mon 1 1  21-07-2025 02-07-2025 07-07-2025 07-07-2025 07-07-2025 07-07-2025 Wed Wed 1 1 2 2 2 2 2 2",2025-06-30
"2 Tue Students 2 interested Onam Holiday in beginning their  Thu",2025-06-30
"2 Semester Enrollment Begins for S3 Last Date for Attendance and Last Date for Attendance and  Wed",2025-07-01
"65 Tue Tue practical 2 2 training earlier, after 3 3 completing  22-07-2025 09-07-2025 14-07-2025 14-07-2025 14-07-2025 14-07-2025 Thu",2025-07-06
"4 Onam Holiday  Fri Fri 3 3",2025-07-06
"2 Onam Holiday Onam Holiday  Thu Thu 2",2025-07-08
"4 Wed Wed Wed 3 3 3  30-08-2025 16-07-2025 16-07-2025 16-07-2025 16-07-2025 16-07-2025",2025-07-13
"3 Head of Onam Holiday the Department. To",2025-07-13
"3 Onam Holiday may 4 4 do so with  the 53 60 60 60 60",2025-07-15
"24 Thu avail 4 of this opportunity, students  08-08-2025 18-07-2025 must",2025-07-15
"37 Wed 4",2025-07-15
"4 MBA S3 Examination 4 4 4 4 4 ഒ ؗ ാം ഒ ഓണം ന് ന ാം ഓ ണ  ാം 61 61 61 61 61",2025-07-17
"24 Thu Thu 4 4 ഒ ؗ ാം 5 5 ഓണം  18-07-2025 18-07-2025 18-07-2025 Sat Sat Sat 4 4",2025-07-17
"25 Fri Fri Fri 5 5 5 level IQAC level IQAC തിരുേവാണം - നബി ദിനം  20-08-2025 30-07-2025",2025-07-17
"5 Thu Thu 4 from 5 their respective colleges.",2025-07-17
"Academic Calendar - 25 to December 2025",2025-07-19
"5 Last date for corrections related to Fri Fri 5 5 submit level IQAC level IQAC S9 Examination the necessary s3-5 documents and  obtain Sun",2025-07-29
"6 Course Selection and Mapping Ends for B. Tech S3/S5/S7 (Regular/Honours/Minor) Course Selection and Mapping Ends for BBA S3 (Regular/Minor) Course Selection and Mapping Ends for BCA S3 Course Selection and Mapping Ends for BHMCT S3/S5/S7. Second Internal Audit by College  30-07-2025 30-07-2025 30-07-2025 Mon Sun 6 5",2025-07-29
"7 Last date for Entering Attendance Last date for corrections related to course selection and mapping on KTU portal Last date for corrections related to course selection and mapping on KTU portal Course Selection and Mapping Ends for B. Des S3/S5/S7 . B. Arch S3/S5/S7/S9 . KTU portal Heads of Departments (HoDs) shall  23-08-2025 04-08-2025 ensure Tue Tue Tue Tue Tue Mon 7 7 7",2025-07-29
"25 Fri 5 ത ി ര ു വ ന ണ ാം - ന ബ ി ദ  ി ന ാം Mon",2025-07-29
"25 Fri Fri Fri Fri 5 5 5 5 level IQAC തിരുേവാണം - നബി ദിനം",2025-08-03
"6 Fri Fri Fri Fri Fri s7-6 മൂ 6 6 6 6 6 ؗ ാം ഓണം  04-08-2025 04-08-2025 04-08-2025 63 63 63 63",2025-08-03
"6 Fri Fri 5 6 6 ത മൂ ി ؗ ര ു ാം വ ഓണം ന ണ ാം - ന ബ  ി ദ ി ന ാം 56",2025-08-03
"6 Sree Narayana Guru Jayanthi  Sun Tue f o l l 7",2025-08-03
"6 Mon and Internal Marks(S4/S6/S8) on T h 6 e Exam Registration begins for MCA S3 A Course Selection and Mapping c a d e m i c C o u n c i l r e s o 60 l Wed v e d Thu t o 6 a 6 p p r o v e Exam Registration begins for MCA t h e A c a d e m i c C a l e n d a Sat Sat r s f o 6 r 6 t h e O d d a n d E മൂ v ؗ e n ാം S ഓണം e m e s  t e r s o f t h e",2025-08-04
"8 Mon 8 6  11-09-2025 11-08-2025 Wed Wed Mon Wed Thu Thu Sun internal marks for MCA S4 7 9 9 7 8 7",2025-08-04
"7 Sree Narayana Guru Jayanthi Sree Narayana Guru Jayanthi",2025-08-04
"7 Y e Sat a r 2 6 0 2 5 – 2 6 : മ ൂ ന് ന ാം ഓ ണ  ാം Mon Tue",2025-08-10
"27 S4/S6/S8 Sat s5-6 7  11-08-2025 11-08-2025 11-08-2025 Mon Mon 7 7 5",2025-08-10
"9 Sun S7 Examination 7  15-09-2025 18-08-2025 Mon 7",2025-08-10
"7 Sun Sun Reopening of colleges After Onam Reopening of colleges After Onam 8 8 2",2025-08-10
"7 Sun Reopening of colleges After Onam 7",2025-08-17
"8 Vacation  18-08-2025 18-08-2025 18-08-2025 59",2025-08-17
"8 Vacation  22-09-2025 23-08-2025",2025-08-17
"11 Last Date for Attendance and S3/S5/S7/S9 Exam Registration- Last Date for College Level Submission B. Des S7 (Second half of 7th IQAC MBA S3 .  Wed 12",2025-08-17
"9 Reopening of colleges After Onam Reopening of colleges After Onam",2025-08-22
"44 Tue Mon 9 9  23-08-2025 23-08-2025 23-08-2025 29",2025-08-22
"9 Last date for Second Advisory Meeting.  24-09-2025 25-08-2025 1 43",2025-08-22
"46 Commencement of MBA S4 Classes Wed Wed Wed Wed 11 11 11 11  66 66 66",2025-08-22
"10 Mon Mon 8 8  3",2025-08-24
"8 Wed Wed 10 11 11 9 9  25-08-2025 25-08-2025 25-08-2025 30 61 56",2025-08-24
"10 Wed 10  29-09-2025 09-09-2025 44",2025-08-24
"10 Commencement of S5 Examination S5-1 Fri Fri Wed 12 12 10 10 10  21-10-2025 11-09-2025",2025-08-28
"13 Internal Audit by College level IQAC Internal Audit by College level IQAC Last date for the completion of First A S4  27-10-2025 17-10-2025 63 58",2025-09-07
"26 Sat Sat Sat 6 6 6 മൂ മൂ ؗ ؗ ാം ാം ഓണം ഓണം  05-08-2025 05-08-2025 05-08-2025 05-08-2025 05-08-2025 Mon Mon 6",2025-09-08
"11 Last date for Second Advisory",2025-09-08
"10 Wed 11  09-09-2025 09-09-2025 09-09-2025 44",2025-09-08
"12 Fri 12  04-11-2025 21-10-2025",2025-09-08
"31 Jury Evaluation to be completed Last date for the completion of First Internal Audit by College level IQAC KTU Mid Term Survey- Syllabus Coverage Semester Enrollment Ends for Industrial Exposure Training.  25-08-2025 Fri Fri 10 10 14",2025-09-10
"11 Last date for the completion of First Last date for the completion of First  11-09-2025 11-09-2025 11-09-2025",2025-09-10
"14 Sreekrishna Jayanthi",2025-09-10
"10 Fri Fri Fri Fri 11 13 13 13 13  15-10-2025 15-10-2025 18-10-2025 45 68 68 68",2025-10-14
"14 Thu Fri 11 12  16-10-2025 16-10-2025 24-10-2025",2025-10-15
"12 Internal Audit by College level IQAC  09-09-2025 45 50 44",2025-10-16
"12 Sat 14  18-10-2025 18-10-2025 31-10-2025 Tue",2025-10-17
"13 Sat Sun 13 15  Tue",2025-10-17
"39 Sun Mon 14 16",2025-10-17
"Academic Calendar - 25 to Dec 2025",2025-10-19
"Academic Calendar - 25 to Dec 2025 Academic Calendar - Oct 2025 to Dec 2025 Academic Calendar - Oct 2025 to Dec 2025 Academic Calendar - Oct 2025 to Dec 2025 Academic Calendar - Oct 2025 to Dec 2025 Academic Calendar - Oct 2025 to Dec 2025",2025-10-19
"Academic Calendar - 25 to Dec 2025 Academic Calendar - Oct 2025 to Dec 2025",2025-10-19
"12 Internal Audit by College level IQAC  5 11-09-2025 Sun 12 16",2025-10-20
"18 End Semester Students Feedback(Mandatory) End Semester Students Feedback(Mandatory) End Semester Students Feedback(Mandatory) End Semester Students Feedback(Mandatory) Internal Mark Corrections Commencement of S4/S6/S8/S10 Semester Enrollment Begins for  21-10-2025 21-10-2025 03-11-2025 Thu Tue 15 15",2025-10-20
"14 Mon 16 1",2025-10-20
"13 Fri 13  17-10-2025",2025-10-21
"41 Wed Tue 17 18 6  23-10-2025 24-10-2025 04-11-2025 65",2025-10-22
"14 Sreekrishna Jayanthi  Mon 13 18",2025-10-23
"16 Tue 17 12 2  24-10-2025 25-10-2025 05-11-2025 48",2025-10-23
"17 Wed 17 13  Thu Fri 16 17 22",2025-10-23
"16 Last date for Attendance and IA Tue Tue 16 16 12 12  Wed",2025-10-26
"17 Wed 17 13  29-10-2025 28-10-2025 06-11-2025 Mon 21 21 21",2025-10-26
"15 Sreekrishna Jayanthi  60",2025-10-27
"37 Tue Tue Tue Tue 16 16 16 16  48 48",2025-10-27
"14 Mon 16  47 69",2025-10-29
"62 Last date for Attendance and IA Marks Corrections of S3 without Fine Last date for Entering Attendance and Second Series test to be completed for B. Des S3/S5 (Regular/Minor) S3 (Student Level ) .  15-11-2025 28-10-2025 Tue Tue 14 14 19 19",2025-10-30
"15 Wed Wed Wed Wed 18 18 18 18  19-11-2025 30-10-2025 71 71 71 71",2025-11-02
"Note: In the event that holidays are declared by the district collector or the state government, the institutions are required to reschedule the lost instructional Jury Evaluation to be completed for S3/S5/S9  Thu",2025-11-02
"16 S6 Mon Tue 15 16",2025-11-03
"19 Second Series test to be completed for  05-12-2025 03-112025",2025-11-03
"16 Wed 17 5  10-12-2025 Fri 17",2025-11-05
"18 Wed Tue 17 16 14",2025-11-06
"13 Fri Sun Sun 12 15 15  22-10-2025",2025-11-09
"19 Fri Wed 19 17 15 15  05-11-2025",2025-11-10
"19 Thu Wed 18 18 17 15 15 9  19-11-2025 14-11-2025 19-11-2025",2025-11-11
"14 Sreekrishna Jayanthi Sreekrishna Jayanthi Sreekrishna Jayanthi Sreekrishna Jayanthi  23-10-2025 Mon Wed Tue 15 13 14 (Regular/Honours/Minor) Ambedkar's Birthday Vishu Fri Wed Thu 15 13",2025-11-12
"18 Thu Thu 18 18  50 50",2025-11-12
"20 Sat 21  Sat Fri 18",2025-11-12
"18 Thu 18 18 7  19-11-2025 20-11-2025 50",2025-11-12
"19 S2/S4/S6/S8/S10",2025-11-13
"21 S4",2025-11-13
"21 Fri Fri 19 19  01-12-2025 21-11-2025 51",2025-11-13
"44 Christmas Vacation Starts Mon Sun 22 23",2025-11-14
"39 Fri Fri Fri Christmas Vacation Starts 19 19 19  51 56",2025-11-17
"34 Sat Fri 20 19  05-12-2025 01-12-2025 24-11-2025",2025-11-18
"24 Sreenarayana Guru Samadhi",2025-11-18
"21 Sun Christmas Vacation Starts 22",2025-11-18
"22 Sat Christmas Holiday Mon 20 23  52",2025-11-19
"47 Mon Christmas Holiday Thu 22 26  38",2025-11-20
"19 B. Arch S4/S6/S8/S10  48",2025-11-21
"23 Christmas Holiday for B. Des S4/S6  03-12-2025 01-07-2026 Thu 23",2025-11-23
"B C A , B H Oct‐25 M C T , M C A , M B A a n d I n t e g r a t e d M C A - R e g Int MCA S4/S6/S8/S10 Int MCA S4/S6/S8/S10 BHMCT S4/S6/S8 B. Arch S4/S6/S8 B. Tech S4/S6/S8 B. Des S4/S6/S8 MCA S4 MBA S4 BCA S4 BBA S4 Oct‐25 Oct‐25  B. Tech S4/S6/S8 MBA S4 Dec-25 Oct‐25 Oct‐25 Nov-25 Nov-25 Nov-25 Nov-25 MCA S4 BCA S4 BBA S4 Dec-25 Dec-25 Dec-25 Dec-25 Oct‐25 Oct‐25 Nov-25 Nov-25 Dec-25 Dec-25 Oct‐25 Nov-25 Dec-25 Oct‐25 Nov-25 Dec-25 July‐25 Aug-25 Sep-25 July‐25 Aug-25 Sep-25 Apr-26 July‐25 July‐25 May-26 Odd Semester(2025) Odd Semester(2025) Odd Semester(2025) Odd Semester(2025) Aug-25 Aug-25 Jun-26 Sep-25 Sep-25 Apr-26 Description July‐25 July‐25 July‐25 July‐25 July‐25 Description May-26 A Odd Semester(2025) Odd Semester(2025) Odd Semester(2025) Odd Semester(2025) Odd Semester(2025) C A D Aug-25 Aug-25 Aug-25 Aug-25 Aug-25 E M I C S E C T I O N Description Jun-26 Sep-25 Sep-25 Sep-25 Sep-25 Sep-25 Apr-26 Description Description Jan‐26 Jan‐26 Jan‐26 Jan‐26 Jan‐26 Jan‐26 Jan‐26 Jan‐26 Jan‐26 Description Description May-26 Feb-26 Feb-26 Feb-26 Feb-26 Feb-26 Feb-26 Feb-26 Feb-26 Feb-26 Description Description Jun-26 Mar-26 Mar-26 Mar-26 Mar-26 Mar-26 Mar-26 Mar-26 Mar-26 Mar-26",2025-11-24
"22 Tue Thu Thu 23 26 26  05-12-2025 01-07-2026 01-07-2026 53 76",2025-11-24
"22 Christmas Vacation Starts  52",2025-11-26
"25 Christmas Holiday  55",2025-11-26
"21 Tue 23  53",2025-11-27
"55 Tue 24  11-12-2025",2025-11-30
"53 Christmas Holiday Fri Christmas Holiday 27",2025-11-30
"41 Christmas Holiday  Mon Sun Sun 27 27 27 4 . D e a n A c a d e m i Thu c s /",2025-11-30
"17 Wed Wed Thu Thu 17 17 19 19  29-10-2025 03-11-2025 31-10-2025 10-11-2025 49 49 54 72",2025-12-04
"24 I N U T H O M A S *",2025-12-04
"28 Coverage Coverage Christmas Holiday Sat Sat 28 28",2025-12-04
"27 Mon 30",2025-12-04
"26 Thu Thu Thu  22 22 22",2026-02-28
"75  1",2026-02-28
"3 Thu",2026-03-01
"2  2",2026-03-01
"2 S4 s4-3 Tue",2026-03-01
"2 Onam Holiday Wed Fri Fri Fri Fri  2 2 3 3",2026-03-01
"27 Tue",2026-03-01
"2 Wed Fri Fri Fri Fri Fri  2 2 2 2 3",2026-03-01
"2 Mon Mon Mon Mon  2 2 2 2",2026-03-01
"59 Thu",2026-03-01
"45 Sat",2026-03-01
"2 Sat Mon Sun  3",2026-03-01
"3  2 s7-5 Onam Holiday Onam Holiday Thu",2026-03-01
"3  3 2",2026-03-01
"days within the same semester, including Saturdays, to ensure the timely completion of the syllabus. Wed  28",2026-03-01
"3 Commencement of S3/S5/S7/S9 End Internal Mark Corrections (S3) O R D E R Wed Wed  3 2",2026-03-02
"3 Mon Mon  2 2 2 2",2026-03-02
"89 Wed  3 34 32",2026-03-02
"49 Wed  2",2026-03-02
"2 Mon Mon Mon Mon",2026-03-02
"2  3 3 3 3 3",2026-03-02
"3 Thu  3",2026-03-02
"2 Maundy",2026-03-02
"2 Wed Wed",2026-03-02
"3 V i d e r e Good Friday Good Friday f e r e n c S3/S5/S7/S9 e c i t e d ( 1 ) a b o Sun v Sun e , t h 3 3 e d r a f t a c a d e m i c c a l e n d a r s f o r Wed Wed t h e o 3 35 30 d 3 d a n d e v e n S e m e s t e r s f o r B . T e c h , Sat Sat Fri  3 2",2026-03-02
"3  3",2026-03-02
"58 Sat Sat Sat Sat Sat Sat Thu Sat  4 4 3 3 3 3 3",2026-03-02
"3 Last date for First Advisory Meeting. S3 Tue  4",2026-03-02
"4 Sun Tue Tue Tue Tue Tue  3 3 3 3 3",2026-03-02
"3 Last date for corrections related to 36 approval Wed  of s5-5 the",2026-03-02
"5 Second Internal Audit by College",2026-03-02
"27 Fri  1 23",2026-03-02
"22 Mon Mon  1",2026-03-02
"3 Wed Thu  3",2026-03-03
"3 Thu  4",2026-03-03
"4  4 course selection and mapping on Last date for corrections related to Last date for corrections related to Exam Registration ends for MBA S4 S6 s6-4 66",2026-03-03
"24 Thu Last date for the completion of Last date for the completion of  4 ഒ ؗ ാം ഓണം Sat",2026-03-03
"4 Sun Sun Sun Sun Sun Sat Fri  4 4 4 4 4 4",2026-03-03
"10  4 41 41 41 41",2026-03-03
"5 Onam Holiday Sun  4",2026-03-03
"34 Last date for the completion of Last date for the completion of Thu  4 ഒ ؗ ാം ഓണം Sat 4",2026-03-03
"5 Course Selection and Mapping Begins for MBA S3 . Course Selection and Mapping Begins for S3/S5/S7/S9 . Last date for First Advisory Meeting.  course selection and mapping on",2026-03-03
"54  5 5 5 5 5",2026-03-03
"4 Fri",2026-03-03
"4 Mon Mon Mon  4 4 4",2026-03-03
"28 Thu Thu Thu Thu  4 4 4 4 ഒ ഒ ؗ ؗ ാം ാം ഓണം ഓണം Sun",2026-03-03
"4 Easter  20 20 20 20 20",2026-03-03
"42 Thu Thu Thu Thu Thu  5 5 5 5 5 ഒ ന് ന ാം ഓ ണ ാം 62 62 62 62",2026-03-03
"5 Sun",2026-03-04
"5 Sun Sun  5",2026-03-04
"4 External Project Evaluation and course selection and mapping on S6 Fri  5 s6-4 Second Internal Audit by College Second Internal Audit by College",2026-03-04
"5 Sun Sun Sat A c 5 5 5 a d e m i c C o u n c i l Wed Wed",2026-03-04
"5 Fri  5",2026-03-04
"11 Second Internal Audit by College Second Internal Audit by College Thu Fri Last date for the completion of 4 5 ത ി ര ു വ ന ണ ാം 5 5 - ന ബ ി ദ ി ന ാം Mon  5 15",2026-03-04
"10 Thu",2026-03-04
"52 Sun",2026-03-04
"5 Course Selection and Mapping Ends for MCA S3 Wed",2026-03-04
"6  5 5 5 5",2026-03-04
"5 KTU portal  42 42 42 42",2026-03-04
"5 Easter  (S3/S5/S7) on KTU Portal. Exam Registration begins for B. Viva Voice for MCA S4 begins course selection and mapping on S4 KTU portal KTU portal s4-4 Fri 24",2026-03-04
"5  6 6",2026-03-04
"6 Sun",2026-03-04
"4 Mon  4 5 course selection and mapping on B. Des S3/S5/S7 Fri 24 35 permission",2026-03-04
"5 Sun Sat  5",2026-03-04
"6 Easter Muharam Tue Tue Tue  5 5",2026-03-04
"12 Fri Fri Fri  5 5 6 തിരുേവാണം തിരുേവാണം മ - ൂ ന് നബി ദിനം - ന നബി ദിനം ാം ഓ ണ ാം Sun Sun Sun 5 5",2026-03-04
"5 Last date for corrections related to course selection and mapping on KTU portal Easter Easter Easter Tue Tue Tue  5 5 5 completed",2026-03-04
"33 Fri Fri Fri Fri  5 5 6 6 level IQAC 58 53",2026-03-04
"6  to be completed for S8 Sat 6",2026-03-04
"62 Sun",2026-03-04
"28 Course Selection and Mapping Sun  30",2026-03-04
"60 Thu",2026-03-05
"55 Mon Mon  6 6 5 60",2026-03-05
"6 Exam Registration begins for Exam Registration begins for First Series test to be completed Tech S3/S5/S7 KTU portal S4 Sat  6 25 s4-4 25",2026-03-05
"5 Mon Mon Sat  6 6 6 5",2026-03-05
"6 BBA S3 (Regular/Minor) Sat  6 25 29 38",2026-03-05
"7  6 6 6 6 6",2026-03-05
"6 Fri Fri Fri Fri  6 6 6 6",2026-03-05
"6  83",2026-03-05
"60 Wed Thu Last date for Entering Attendance 6 6 (Regular/Honours/Minor) for Int. MCA S4/S6/S8 BHMCT S3/S5/S7. BCA S3 Sat",2026-03-05
"6 MBA S3 Examination മൂ ؗ ാം ഓണം Tue Tue Sun  6 6",2026-03-05
"14 Wed Tue Fri  5 6 6",2026-03-05
"62  8 8",2026-03-05
"5 Wed  7",2026-03-05
"7 Wed Wed Wed",2026-03-05
"64 Mon",2026-03-05
"6 S3 Examination for Int.MCA S4/S6/S8/S10 Tue  7 61",2026-03-06
"61 Fri",2026-03-06
"7 Examinations for S3, S5 and S7 Sun",2026-03-06
"8 Tue",2026-03-06
"6 Mon Sun Tue  7 6",2026-03-06
"46 Fri Fri Wed Thu  7 6 6",2026-03-06
"68  7",2026-03-06
"8 Sun Sun  6",2026-03-06
"69 Fri Wed Wed",2026-03-06
"6  30",2026-03-06
"61 Wed Fri Wed  6 6",2026-03-06
"7 Sun",2026-03-06
"6 Wed",2026-03-06
"12 Sat",2026-03-06
"7 Arts Festival- College Level Arts Festival- College Level Semester Enrollment Begins for S4 Semester Enrollment Begins for promotion(S7) as per the B.Arch Regulation S4/S6/S8 Sat",2026-03-06
"27 Sun",2026-03-06
"9 Wed  7 7 7 8",2026-03-06
"6 Sat Sat Sat  7 7 7 6",2026-03-06
"8  6",2026-03-06
"5 Thu  7",2026-03-06
"7 Mon  7",2026-03-06
"15 Thu Thu Thu  7 7",2026-03-06
"7  7",2026-03-06
"13  9",2026-03-06
"1 Tue",2026-03-06
"7 Exam Registration (MCA S3)- College Level Submission . S3/S5/S7/S9 S3/S5/S7 Thu  7 s4-Minor Sun",2026-03-06
"8 Mon Mon Mon  9 9 9",2026-03-06
"17 Thu Sun",2026-03-06
"30 Last Date for Attendance and",2026-03-06
"6  8 8",2026-03-07
"7 Sree Narayana Guru Jayanthi Wed",2026-03-07
"62 Sat",2026-03-07
"8 Portal S3 Mon  8 6",2026-03-07
"22  8",2026-03-07
"69  8",2026-03-07
"9 Wed",2026-03-07
"70 Sat",2026-03-07
"9 Thu  8 9 9 8 63 63",2026-03-07
"9 Sun  8",2026-03-07
"9 Sat Sun Sun Sun  8 8 8",2026-03-07
"8 Sun Sun Sun  8 8 8",2026-03-07
"7 Thu Thu  9 8",2026-03-07
"9 Fri",2026-03-07
"14 Mon  s3-6 8",2026-03-07
"7 Sree Narayana Guru Jayanthi  10 10 10",2026-03-07
"7  8",2026-03-07
"24 Fri Thu Mon Mon Mon  7 9 9 9",2026-03-07
"28 Mon  8 8 8 42",2026-03-07
"10  8",2026-03-07
"8 Tue  8 72 6",2026-03-07
"7 Fri Fri  8",2026-03-07
"35 Mon  8 8 42 47 60",2026-03-07
"10 Tue  10",2026-03-07
"9 Mon Tue  10",2026-03-07
"8 I n Mon Tue Tue Tue Tue t Mock Jury to be completed for S10 e Marks (S3/S5/S7) on KTU Portal. g r a 10 10 10 10 t 9 e d M C A  41 45 45 45",2026-03-07
"10 Fri  10",2026-03-07
"38 Mon  10 58",2026-03-07
"7 Arts Festival- College Level Tue Tue  9 27 8",2026-03-08
"8 Course Selection and Mapping Arts Festival- College Level Arts Festival- College Level Tue Tue Sun  9 7",2026-03-08
"10 Thu Thu Thu Thu Wed  8 8 8 8",2026-03-08
"63 Sun",2026-03-08
"7 Semester Enrollment Begins for S4 Mon",2026-03-08
"16 Sun Thu Sun  7 8",2026-03-08
"10 Mon Fri Fri Fri Fri  9 9 9 8 7 6 5 24 24 24",2026-03-08
"7 Fri",2026-03-08
"55 Wed",2026-03-08
"86 Sat Mon",2026-03-08
"10 Sat",2026-03-08
"7 Sat",2026-03-08
"6 Sat Sat Fri  9 8 10",2026-03-08
"42 Tue",2026-03-08
"12 Wed  9 7",2026-03-08
"8 Last Date for Attendance and Sat",2026-03-08
"9 Tue",2026-03-08
"48 Thu",2026-03-08
"9 Sat",2026-03-08
"11 Last date for Second Advisory Meeting. Semester Enrollment Ends for Sat",2026-03-08
"13 Wed  9 7",2026-03-08
"28  10 10",2026-03-09
"7 Fri Fri Fri  10 9",2026-03-09
"57 Tue Tue Fri  10 8 8 64 64",2026-03-09
"8 Tue",2026-03-09
"8 Sat Sat  10 10",2026-03-09
"11 Wed Fri  9",2026-03-09
"8 Sat Sat Sat Sat  10 10 10",2026-03-09
"45 Mon Tue Tue Tue  10 10",2026-03-09
"6 Mon Fri",2026-03-09
"9 Wed",2026-03-09
"7 Sat Mon  9 9",2026-03-09
"70 Wed Tue  9",2026-03-09
"12 Sat  9",2026-03-09
"9 Sat Wed  9 8 7",2026-03-09
"65 Wed Thu  9",2026-03-09
"43 Thu",2026-03-09
"66 Wed Thu Thu  10 11 9 8 9",2026-03-09
"7 Mon Sun Sun  10 11 9",2026-03-09
"15 Wed Wed Thu  10 11 9 44 49 43",2026-03-09
"13 Exam Exam Exam Exam Registration Registration Registration Registration begins begins begins begins for for for for Sun",2026-03-09
"14 Thu",2026-03-09
"26 Sun Mon Fri Fri Fri  11 13 13 13",2026-03-09
"14 Last date for Entering Attendance and IA Mark of S3 in KTU portal. Class Ends. Publish Attendance and IA Marks for Int. MCA S3/ S5/S7/S9 Semester Enrollment Ends for S3/S5/S7/S9  10 10",2026-03-09
"42  11 11",2026-03-10
"8 Sun Sun Thu Sat  11 11 11",2026-03-10
"87 Sat Tue Tue Sun  11 9",2026-03-10
"11 Thu Thu",2026-03-10
"11 First Series test to be completed for B. Arch S3/S5/S7/S9 . Wed Wed Wed  11 11",2026-03-10
"59 Sat Sat  11",2026-03-10
"11 Tue Tue  11",2026-03-10
"85 Thu Thu  11 11 9 9",2026-03-10
"66 Thu Sat  10 13 13 13",2026-03-10
"9 Jury Evaluation to be completed 11 and Internal Marks on Exam Exam Registration Registration S3/S5/S7/S9 begins begins for for Mon Sun  without Fine Wed 10 9",2026-03-10
"15 Tue Thu  12",2026-03-10
"12 Exam Registration ends for B. Tech  42",2026-03-10
"8 Tue",2026-03-10
"10 Exam Registration ends for BBA S3 Exam Registration ends for B. Arch Thu",2026-03-10
"45  14 14 14",2026-03-10
"9 Mon",2026-03-10
"29 Thu  11",2026-03-10
"8 Mon Mon Mon Sun  11 11 10",2026-03-10
"16 Thu Thu Thu Wed  11 11 10",2026-03-10
"32 Sat  10 15 14 and IA marks (MBA S4) on KTU Mon Sun 11 10 (Student Level ) (Regular/Minor) S3/S5/S7/S9 (Student Level ) . Thu Wed",2026-03-10
"15 Sun",2026-03-10
"13 B. Tech S4/S6/S8 Sun",2026-03-10
"13  13 12",2026-03-10
"13 Thu Fri",2026-03-10
"10 Mon Mon  12",2026-03-11
"37 Thu",2026-03-11
"12 KTU Survey(2)- Syllabus Coverage Last date for the completion of First Internal Audit by College level IQAC Internship Ends for B. Des S7 and Internal Sun Wed  12",2026-03-11
"67 Sun",2026-03-11
"9  10",2026-03-11
"45 Mon Sun Sun Sun  12 12 12 11 to course selection and mapping Wed",2026-03-11
"11  10 10",2026-03-11
"11 Mon Mon  13 13 12 65",2026-03-11
"9 Wed",2026-03-11
"68  15 15 15",2026-03-11
"12 Portal Portal. Tue Jury Evaluation to be completed for",2026-03-11
"12  12 11 13 46 51 46 45",2026-03-11
"11 Sat",2026-03-11
"12 Sat  14 14 46",2026-03-11
"11 Sat Sat Sat Sat  14 14 14 14 13",2026-03-11
"12 Mon",2026-03-11
"20 Tue",2026-03-11
"16 Class Ends. Publish Attendance and IA Marks for B. Arch S3/S5/S9 . Vishu Meeting.  12",2026-03-11
"4 Course Selection and Mapping Begins for B. Arch S3/S5/S7/S9 . Easter",2026-03-12
"60 Thu  6",2026-03-12
"18  13",2026-03-12
"12 S3-1 Sat Sat  13",2026-03-12
"15 Tue",2026-03-12
"38 Fri",2026-03-12
"13 Mon C a 12 l e n d a r s a on KTU portal m o n g a l l a f f i l 88 i a t e d Wed c 25 o l l e 13 g Thu e s . 12 (Regular/Honours/Minor)",2026-03-12
"10 Tue Tue Tue Tue  13 13 13",2026-03-12
"46 Mon  13",2026-03-12
"13 S3/S5/S7 (Student Level ) S3-2",2026-03-12
"12 Mon Mon  13",2026-03-12
"13 Sat Thu  11",2026-03-12
"15 Tue Tue Tue Sat Sat Sat  14 14 12 12 12 11 (Regular/Honours/Minor) 66",2026-03-12
"17 Tue",2026-03-12
"13 Wed",2026-03-12
"31 Sat",2026-03-12
"13 Wed Wed  13 13 35",2026-03-12
"31 Sat Sat  13",2026-03-12
"13 Tue",2026-03-12
"26 Wed Second Series test to be completed  13 for BHMCT S4/S6/S8 31",2026-03-12
"14 Fri  12",2026-03-12
"18 Sat",2026-03-12
"18 Wed Tue Sun  12 15",2026-03-12
"28 Thu Wed Internshipearlier, Sun Sun Sun  13 15 15 15 15 after completing Mahasivarathri Mahasivarathri Mahasivarathri Mahasivarathri their S6 Sat 31",2026-03-12
"13 Sat Sun Sun Sun  15 15 15",2026-03-12
"17 Annual Sports Meet-College Level Annual Sports Meet-College Level Exam Registration ends for B. Examination Tue  21 18",2026-03-12
"13  14 30",2026-03-12
"13 S7-1 S3-1 Sun",2026-03-13
"12 Mon  14 12 13",2026-03-13
"11 Wed Wed Wed Wed Tue  14 14 14 13",2026-03-13
"11 Sat Sat Sat Sat  14 14 14 13 46",2026-03-13
"13 Tue  11 16 16 16",2026-03-13
"16 Tue",2026-03-13
"66 Thu Fri",2026-03-13
"12 Sun  30",2026-03-13
"16 Mon Sun Tue  14 13 14 13 66 74",2026-03-13
"20 Thu  14",2026-03-13
"13 Exam commences for Int. MCA S6 14 interested in beginning s3-1 their Sun Sun",2026-03-13
"13 Mon",2026-03-13
"14 Wed Wed  15 15 for Ambedkar's Birthday B. Tech S3/S5/S7 67",2026-03-13
"14  11",2026-03-13
"10  and IA Mark of S3 in KTU portal. S5",2026-03-13
"13 Thu Thu  14 14 14",2026-03-13
"14 Sun Sun  14 14",2026-03-13
"15 Mon Mon Mon  13 16 16 16",2026-03-13
"28 Thu Tue  17",2026-03-13
"40 Sun Tue  17",2026-03-13
"19 Ambedkar's Birthday Ambedkar's Birthday Thu  14 (S3/S5/S7) without Fine S8 Sun Sun 14",2026-03-13
"70 Tue",2026-03-13
"16 M Sun B A a 14 n d I n t M C Sreekrishna Jayanthi A p r o g r a m s . Wed",2026-03-13
"12 Thu Fri Fri Fri Fri  15 15 15 15 15 78th Independence Day 78th Independence Day 78th Independence Day 78th Independence Day Mon Sun Mon Mon Mon Mon 15 14 15 15 15 15 47 47 47",2026-03-13
"18 Annual Sports Meet-College Level Examination Begins for BBA S3 s4-2  32 32 32",2026-03-13
"17 Thu Thu Sun  15 13",2026-03-14
"13 Tue C o Internal Mark Corrections 14 n s i d e r i n g t h e a b o v e , s a 66 n Tue Wed c t Fri i o n 12 13 i 14 s h e r e b y a c c o r d e d b y t h e H Sun o Fri n Sat o u 14 r 12 a 13 b l e V i c e C h a n c e l l o r t o i m p l e m e n t t h e Thu Thu Thu Thu Mon  15 15 15 13",2026-03-14
"14 S5-2 Mon",2026-03-14
"17 Thu",2026-03-14
"16 I t e m N o . 0 3 1 . 0 3 . Mon s9-1 0 8 ,  a p p r 15 o v i n 44 g t h e Mon a c a d",2026-03-14
"29 Wed",2026-03-14
"21 Fri the Sun Head 15 15 of the Department. 78th Independence Day Mahasivarathri To avail of this Mon  15 33",2026-03-14
"16 Mon  42",2026-03-14
"11 Fri opportunity, Tue Tue Tue  17 17 17 17 students 78th Independence Day must submit the Mon 50 50 50 50",2026-03-14
"15 Tue Tue Tue  15 15",2026-03-14
"67 Sat Wed  17",2026-03-14
"18  45",2026-03-14
"61  19 19 19",2026-03-14
"16 Tue  17",2026-03-14
"18 Commencement of End Semester Examination for MBA S3 Last Date for Attendance and Internal Mark Corrections (S3/S5/S7/S9) without Fine KTU Survey(2)- Syllabus Coverage Vishu Fri Wed Wed Wed  18 18 18",2026-03-14
"16  78th Independence Day Tue",2026-03-14
"16  4",2026-03-14
"70 Wed Thu  17 16 20 20 20",2026-03-14
"48 Wed",2026-03-14
"62  21",2026-03-14
"71 Fri  17 21",2026-03-14
"60 Thu  11",2026-03-15
"13 Mon Fri Fri Wed Fri Fri  16 16 16 14 15 15 completed for BBA S3 S3/S5/S7 S3/S5/S7 S3 S3 67 75",2026-03-15
"18 Fri Wed  15",2026-03-15
"16 Tue  16",2026-03-15
"20 Fri",2026-03-15
"19 Thu",2026-03-15
"68 Sun",2026-03-15
"20 Thu",2026-03-15
"46 Tue  18 34",2026-03-15
"17 Tue  16",2026-03-15
"17  15 78th Independence Day Mon Wed",2026-03-15
"17  15",2026-03-15
"16 Wed Wed  16",2026-03-15
"15 Sat Sat  16 16",2026-03-15
"17 Tue  15 13 13",2026-03-15
"18 Meeting. Meeting. Meeting. Sat",2026-03-15
"16 Thu Thu Thu Thu r e a t t 19 19 19 19 18 a c h e d a s a n n e x u r e s .  52 52 52 52",2026-03-15
"12 Sat",2026-03-15
"47 Tue",2026-03-15
"77 Sat Mon  17",2026-03-15
"22 Wed",2026-03-15
"18  17",2026-03-15
"17 Tue  17",2026-03-15
"20 KTU Survey(2)- ദ ീ പ ന ല Syllabus ി  16",2026-03-15
"21 Fri  18 15 22",2026-03-15
"12  17 17 17",2026-03-16
"19 Thu Sat  15",2026-03-16
"14 S4/S6/S8 Classes Sat Sat Sat Sat  17 17 17 15",2026-03-16
"15 Tue Tue Tue  17 17 17 47 70 70 70",2026-03-16
"52 Sun Sat  18",2026-03-16
"19 Sat Fri Thu  16 16",2026-03-16
"15  16 12 12 63",2026-03-16
"70 Sat Wed Thu  16 16",2026-03-16
"21 Wed Fri  17",2026-03-16
"12 Fri  17 15",2026-03-16
"16 S3 Fine S3-2 Wed",2026-03-16
"69 Mon  student 17 is eligible for semester promotion(S7) s5-2 Wed",2026-03-16
"17 Last date for completion of End S3-3 Wed",2026-03-16
"17 Wed Wed  16 17 48",2026-03-16
"35 Fri  16 69",2026-03-16
"54 Mon",2026-03-16
"16 Wed  16 3",2026-03-16
"18 Sun",2026-03-16
"43 Wed  20 14",2026-03-16
"17 Wed  18",2026-03-16
"17 Sun Sun Thu  17 17 19",2026-03-16
"19 Wed  52 49",2026-03-16
"20  53 53 53",2026-03-16
"19  19",2026-03-16
"50  24 24 24",2026-03-16
"72  19",2026-03-16
"73 Mon",2026-03-16
"62 Thu Sun",2026-03-17
"9 Wed",2026-03-17
"47 Sun",2026-03-17
"66 Sun Sat  17 15 53",2026-03-17
"47 Semester Enrollment Begins for Wed  17 4 64",2026-03-17
"20 S7 S3 S7-2 S3-2 Thu  18",2026-03-17
"13 Mon",2026-03-17
"69 Tue Sat  17 16",2026-03-17
"18  20 and IA s3-2 Thu 18",2026-03-17
"48 Thu",2026-03-17
"20 S3",2026-03-17
"46 Thu",2026-03-17
"18 Last date for First Advisory Meeting.  23 23 23",2026-03-17
"18 Commencement of S4 Classes Last Date for Attendance and Internal Mark Corrections(S3/S5/S7) without Fine Commencement of End Semester Examination for BBA S3 Last Date for Attendance and Internal Mark Corrections(S3) without Fine Last Date for Attendance and Internal Mark Corrections(S3/S5/S7) without Fine Annual Sports Meet-College Level Mon",2026-03-17
"18 Commencement of S3 Examination",2026-03-17
"33 Thu Sat  20",2026-03-17
"50 Fri Fri  18",2026-03-17
"17 Exam Registration (Int. MCA S8 Thu",2026-03-17
"18 Sat",2026-03-17
"14 Tue  18",2026-03-17
"21  22",2026-03-17
"25 Commencement of End Semester Examination for B. Des S7 s6-1 Tue  20 25",2026-03-17
"66 Tue Fri  9 14 14",2026-03-18
"51 Wed Thu Thu Thu  19 19 19 18 7 72 72 72 71",2026-03-18
"45 Semester Enrollment Ends for S4",2026-03-18
"14  without Fine-S4/S6/S8/S10 completed for MCA S3 (Student Level ) Tue",2026-03-18
"19 Thu Sun  19",2026-03-18
"17 Exam Registration (B. Arch S5-3 Fri",2026-03-18
"49 Sun  19 24",2026-03-18
"20 Exam Registration (B. Tech Fri",2026-03-18
"21 Mon",2026-03-18
"18 Valuation Camp",2026-03-18
"24 Sun Sun Sat  19 18",2026-03-18
"21 College Level Submission",2026-03-18
"21 Sun",2026-03-18
"19 Annual Sports Meet-College Level Wed Thu Thu  21 21",2026-03-18
"21 Tue  19",2026-03-18
"19  22",2026-03-18
"23 Tue Tue Tue  20 20",2026-03-19
"17 Fri Fri Fri  20 20",2026-03-19
"53 Fri Fri Fri  20 20",2026-03-19
"18 Tue",2026-03-19
"23 Tue",2026-03-19
"19 Sat  18",2026-03-19
"50 Mon",2026-03-19
"19 Sat Sat Sat  20",2026-03-19
"20 Mon Mon  20",2026-03-19
"19 Annual Sports Meet-College Level Begins for BHMCT S3/S5/S7 . Begins for B. Des S3/S5/S7 ദീപാവലി ദീപാവലി Wed Thu Thu  20 20",2026-03-19
"21 KTU Portal Valuation Camp S3 College Level Submission Submission . S3-3 Sat Sat",2026-03-19
"21 Mon Mon Sat  19 20",2026-03-19
"19 Mon Sat  19",2026-03-19
"16 Tue Tue",2026-03-19
"19  34",2026-03-19
"35 Sat",2026-03-19
"19 Annual Sports Meet-College Level of end semester Wed Wed Wed  19 20",2026-03-19
"34 Wed Wed Mon Mon Mon  20 23 23 23",2026-03-19
"54 Sat Sat Mon Mon Mon  20 23 23 23 23 57 73 73 73",2026-03-19
"51  27",2026-03-19
"29 Thu Wed  20",2026-03-19
"29 Marks (S3) on KTU Portal Thu",2026-03-19
"68  21 21 21",2026-03-20
"53  20",2026-03-20
"20 Wed Wed Wed Wed Sun  21 21 21 19",2026-03-20
"20 Sat Sat Sat  21 21 21 15",2026-03-20
"18 Wed",2026-03-20
"20 Mon  18",2026-03-20
"50 Tue",2026-03-20
"19 Sun Sun Christmas Vacation Starts  21 19 10",2026-03-20
"19 Tue Tue  21 19 70",2026-03-20
"70 Fri Fri",2026-03-20
"19 Commencement of S5 S7 S3 Submission . S7-3 S3-3 Sun  21 34",2026-03-20
"51  26",2026-03-20
"22 Sun Sun  20",2026-03-20
"35 Fri  19",2026-03-20
"8 Sun  20",2026-03-20
"70 Fri",2026-03-20
"21  21",2026-03-20
"33 Thu Thu Tue  21 19 22 36",2026-03-20
"66 Mon Mon Wed  22 21",2026-03-20
"21 S9 s9-3 Sun  22 36",2026-03-20
"41 Sun",2026-03-20
"1 Wed Thu Tue Tue Tue  20 24 24 24 24 35 22 55 55 55",2026-03-20
"55 Sun Sat Tue Tue Tue  20 24 24 24",2026-03-20
"16 Fri",2026-03-20
"71 Thu Wed Wed Wed  25 25 25",2026-03-20
"29 Thu  21",2026-03-20
"17 Fri",2026-03-20
"25 Examination s4-1  29",2026-03-20
"47 Thu Sat  22 22",2026-03-21
"15  9",2026-03-21
"73 Mon",2026-03-21
"17 Mon  22 22",2026-03-21
"21 Course Selection and Mapping",2026-03-21
"21 Thu Mon  20",2026-03-21
"21 Christmas Holiday Christmas Holiday Sun Sun Sun  22 22",2026-03-21
"26 Thu",2026-03-21
"20 Wed Wed  22",2026-03-21
"71 Sat Sat",2026-03-21
"19 Commencement of S3 Examination for MBA S3 S5 Ends for MBA S3 . S5-4 Mon  22",2026-03-21
"27 Thu Mon Mon  21 21 19 15 15",2026-03-21
"22 Wed",2026-03-21
"22  22",2026-03-21
"22 Wed  20 23",2026-03-21
"73 Tue",2026-03-21
"22 Mon Wed Tue  22 22",2026-03-21
"22 Thu Fri  22 21 s7 Mon Mon 22 37 42 36",2026-03-21
"2 Fri",2026-03-21
"16 Sat Sat Sat  23",2026-03-21
"23 Fri",2026-03-21
"54 Mon  25 52",2026-03-21
"23 Fri  24 27",2026-03-21
"31 Semester Enrollment Ends for",2026-03-21
"19 Last date for First Advisory",2026-03-22
"18 End Semester Students End Semester Students ദീപാവലി",2026-03-22
"20 Fri Fri Fri Fri Sun  23 23 23 20",2026-03-22
"29 Fri Tue  22",2026-03-22
"28 Wed Thu  23 22 and IA Marks for B. Tech S3/ 72 72 79",2026-03-22
"71 Sun Sun  23",2026-03-22
"22 S3 Examination s7-2 Tue Tue  23",2026-03-22
"66 Wed",2026-03-22
"29 Wed Wed Wed  23 22 22 71 17 17",2026-03-22
"52 Wed",2026-03-22
"17 Sun",2026-03-22
"23 Sat Sat Wed Thu Thu Thu  23 25 26 26 26",2026-03-22
"26  38 43 49 57 57 57",2026-03-22
"57 Tue Tue Wed Thu Thu Thu  23 25 26 26 26 26 53 59 68 76 76 76",2026-03-22
"76 Sun Thu  25 22",2026-03-22
"25 BBA S3 (Regular/Minor)  37",2026-03-22
"76 Thu",2026-03-22
"80 Sat Sun",2026-03-22
"23 Thu  26",2026-03-22
"25 Tue  23",2026-03-22
"75 Thu  23 2",2026-03-22
"1 C o Jury Evaluation to be completed for S7 p Commencement of classes for B. Tech S4 Commencement of classes for BBA S3,S5 y t o : - Sat",2026-03-22
"23 Odd Semester(2026) Odd Semester(2026) BHMCT S3/S5/S7. BCA S3 Christmas Holiday Tue",2026-03-22
"17 Sat  27 38",2026-03-22
"22 Thu  26",2026-03-22
"22 Fri  27 27 completed 39 77",2026-03-22
"18 Sun Sun Mon  24 25",2026-03-22
"55 Thu",2026-03-22
"57  23",2026-03-22
"28 Sat Mon Mon  21 21",2026-03-23
"21 Sreenarayana Guru Samadhi Sreenarayana Guru Samadhi Sat Sat Sat Sat Mon  24 24 24 20 21",2026-03-23
"22 Sat",2026-03-23
"21 Sat",2026-03-23
"31  s4-3",2026-03-23
"73 Sat",2026-03-23
"23 First Series test to be completed for (Regular/Honours/Minor) S5 s5-4 Wed",2026-03-23
"Class Ends. Publish Attendance S3/ S5/S7/S9 Second Series test to be completed for Thu  24 s8-2",2026-03-23
"24 Wed  24 54",2026-03-23
"23 Wed Thu Fri  24 24",2026-03-23
"73 Mon Mon Sat  24",2026-03-23
"24 Last date for corrections related to MBA S3 Examination S3 S3 S3-4 S3-4 Wed",2026-03-23
"24 First Series test to be completed First Series test to be completed Karkidaka Vavu Karkidaka Vavu Republic Day Jury Evaluation to be completed Sun Sun  24 26",2026-03-23
"50 Wed Wed  24 26 54 60",2026-03-23
"1  26 26",2026-03-23
"27 S5 Examination KTU Mid Term Survey- Syllabus KTU Mid Term Survey- Syllabus MCA S3",2026-03-23
"24  25",2026-03-23
"54 Fri",2026-03-23
"24 Sat  28",2026-03-23
"25 Sat Fri  27 28 27 55 54 70",2026-03-23
"27 S7 Examination",2026-03-23
"56 Sun",2026-03-23
"19 Sun Tue  28",2026-03-23
"20  24",2026-03-24
"22  23 52 52 65",2026-03-24
"21 Sun Sun Sun  25 25",2026-03-24
"21 Wed Wed Wed  25 25 25 75 75 75",2026-03-24
"21 Sun Sat  24",2026-03-24
"21 Wed",2026-03-24
"53 Coverage B. Des S3/S5 B. Arch S3/S5/S9 Christmas Holiday Mon Mon Mon Mon Sun Wed Wed  26 26 26 26 23 23 23 and IA Marks for Int. MCA and IA Marks for BBA S3 Feedback(Mandatory) Republic Day Republic Day Republic Day Republic Day",2026-03-24
"24 Fri Fri  24",2026-03-24
"39 Thu Wed  24 25 55",2026-03-24
"24 Thu Thu  24",2026-03-24
"23 Wed  24 24 55",2026-03-24
"24 Sat Fri  25",2026-03-24
"24 Mon",2026-03-24
"24 Sun Sat Fri  24 27 28",2026-03-24
"78 Sun",2026-03-24
"26 Class Ends. Publish Attendance Last date for Entering Karkidaka Vavu Tue",2026-03-24
"40  39",2026-03-24
"56 Thu Sat  23",2026-03-24
"26 Sat",2026-03-24
"25  26",2026-03-24
"6 Exam Registration begins for Int.",2026-03-25
"23 Mon Sun  25",2026-03-25
"23  25 71",2026-03-25
"and IA Marks for BCA S3 First Series test to be completed for Mon Thu  24",2026-03-25
"25 Thu Sat  24",2026-03-25
"25 Mon  24",2026-03-25
"1 Sat",2026-03-25
"25 Mon Sun  27 25",2026-03-25
"74 Wed Mon Thu Tue Sat  27 25 25 23",2026-03-25
"25 Mon Tue Tue  26 26 25",2026-03-25
"26 Christmas Holiday  26",2026-03-25
"26 S3 Exam, Last date for Entering S3 S3-7 Fri",2026-03-25
"25 Fri Christmas Holiday Mon Mon  28 30",2026-03-25
"41 Sun",2026-03-25
"27 Tue",2026-03-25
"26 Fri Christmas Holiday Christmas Holiday Sat  27",2026-03-25
"78 Sun Sun  24",2026-03-25
"30 Sun",2026-03-25
"24 Attendance and Internal 26 26 s7 Coverage (S7) on s7-3 Fri  40",2026-03-25
"26 Wed Fri Fri  24 26",2026-03-25
"27 Wed",2026-03-25
"12  27 27 27",2026-03-26
"21 Commencement of S8 Commencement of End Semester Examination for B. Arch S5",2026-03-26
"54 Tue",2026-03-26
"22 Tue Tue Thu  27 24",2026-03-26
"22 Fri",2026-03-26
"32 Tue Tue  27",2026-03-26
"33 Tue Tue Thu Fri  28 27 25 24",2026-03-26
"25 Christmas Tue",2026-03-26
"25 Christmas Holiday Christmas Mon Sun  26 27",2026-03-26
"26 Commencement of S7 Examination 27 s3 Sat  26",2026-03-26
"1 Commencement of classes for B. Des S8,S6, S4 First Series test to be completed First Series test to be completed",2026-03-26
"27 R e s e a KTU Mid Term Survey- Syllabus r c h S3-5",2026-03-26
"41 Sat",2026-03-26
"1 Sun  25",2026-03-26
"25 Sat",2026-03-26
"26 Sun",2026-03-26
"24 Ayyankali Jayanthi; S3 S8 S3-5 s3-5 Sat",2026-03-26
"28 Sat",2026-03-26
"27 Christmas Holiday Christmas Holiday Class Ends for B. Arch S4, S6,S8, Class Ends for BBA S4, S6,S8 Class Ends for BCA S4, S6,S8 Mon",2026-03-26
"37  27 27",2026-03-26
"28 Onam vacation begins. Onam vacation begins. Bakrid s5 Bakrid s5-3 Sat Sat",2026-03-26
"28 Thu  28",2026-03-26
"28 Mon",2026-03-26
"27 Sun",2026-03-26
"26 Last date for Entering Internal Examination Last date for Entering s4-4 Wed Wed  27",2026-03-26
"26 Sat Sat  27",2026-03-26
"30  30",2026-03-26
"8 S3-1 Wed  10 10",2026-03-27
"24 Wed",2026-03-27
"24 Christmas Holiday Sat",2026-03-27
"18  26",2026-03-27
"36 Sat",2026-03-27
"25 Wed Sat Sat Sat  26 26 26",2026-03-27
"29 Wed Fri Fri Sat Sat  30 30 25 26",2026-03-27
"26 Ayyankali Jayanthi; Ayyankali Jayanthi; Sun Wed",2026-03-27
"2 Mon Mon  30 27",2026-03-27
"75 Fri Thu  28 27",2026-03-27
"27 Mon Mon  28",2026-03-27
"28 S8 S4 s8-3 S4-2 Wed Fri  27",2026-03-27
"27 Ayyankali Jayanthi; s3 s3-3 Sun",2026-03-27
"69 Tue",2026-03-27
"29 Sun Sat  27",2026-03-27
"19 Thu",2026-03-27
"28 Sun",2026-03-27
"57 Tue",2026-03-27
"29 Feedback(Mandatory) S6 Attendance and Thu Sat Thu  29 28",2026-03-27
"29 Fri  29",2026-03-27
"1 Sun  28 27",2026-03-27
"19 Fri Wed  28",2026-03-27
"27 Sun",2026-03-27
"28 Attendance and S4 Portal s4-2 Fri",2026-03-27
"29 Course Selection and Mapping Begins  for B. Tech S4/S6/S8",2026-03-27
"30  17",2026-03-27
"31 S4 Exam Thu",2026-03-27
"31 Sun  28 18 18",2026-03-27
"11 Exam Registration ends for BCA Exam Registration ends for Fri",2026-03-28
"12 Fri  12",2026-03-28
"10 Sat  29 29",2026-03-28
"23 Wed Thu Thu Sun  29 28 26",2026-03-28
"55 Thu Thu  29",2026-03-28
"29 Feedback(Mandatory) 27 37 37 completed for S7 Sun Sun  29",2026-03-28
"29 Thu",2026-03-28
"26 Thu",2026-03-28
"26 Thu Sun  26 26 and IA Marks for B. Tue Wed",2026-03-28
"27 Thu Mon  28",2026-03-28
"25 Tue Tue  29",2026-03-28
"20 Mon Fri Fri  25 29",2026-03-28
"25 Wed Sat Sat  31 31",2026-03-28
"60 Sat Thu Mon  28 25 27 s3 S3-6 Mon",2026-03-28
"28 Wed",2026-03-28
"28 Reopening of Colleges after Christmas  28",2026-03-28
"28 Tue  29",2026-03-28
"29  s7-4 Mon 29 16",2026-03-28
"85  s7 Mon",2026-03-28
"29 Vacation Examinations for S4 and S6.  (Regular/Minor) Fri",2026-03-28
"20 Fri Fri  29",2026-03-28
"29 Holiday Mon Mon  29 29",2026-03-28
"57 Wed",2026-03-28
"26 S4 Portal s4-2 Fri",2026-03-28
"26 Christmas Holiday Muharram Wed",2026-03-28
"31 Wed",2026-03-28
"44 Wed",2026-03-28
"29 Fri",2026-03-28
"14  30 34 29 12",2026-03-29
"14 First Series test to be completed",2026-03-29
"24 Commencement of classes for B. Arch S10,S8,S6, S4",2026-03-29
"24 Fri Mon Fri  30 27 28 and S7 for B. Arch S4/S6/S8/S10 for B. Des S4/S6",2026-03-29
"24 Mon  30",2026-03-29
"68 Note: In the event that holidays are declared by the district collector or the state government, the institutions are required to reschedule the lost instructional Mon  28 5 . A R ( E x a m ) / A R ( A 19 33 c a d Thu e m i c completed for B. Arch S 10 28 s ) / J D Bakrid ( A c a d e m i c s ) / Sun Mon 28",2026-03-29
"28 Fri Tue  28",2026-03-29
"81 Fri Mon  28 27",2026-03-29
"38  29 26",2026-03-29
"2 Internal (S3) on KTU Portal Course Selection and Mapping Begins Course Selection and Mapping Begins Christmas Holiday Mon Thu  30",2026-03-29
"30  30",2026-03-29
"29 Onam Holiday Onam Holiday Holiday Tue",2026-03-29
"30 Tue Tue  30 29 17 9 58 58",2026-03-29
"30  for BBA S4 (Regular/Minor)",2026-03-29
"17 Wed",2026-03-29
"21 Sat",2026-03-29
"27 Comprehensive Course Viva and Wed",2026-03-29
"24 Sat",2026-03-29
"30 Onam Holiday Onam Holiday Bakrid Tue  30 58",2026-03-29
"65 Mon Mon Thu  27 30",2026-03-29
"27 S8 Exam Ends (Regular/Minor) s8-4 Sat Wed Wed  27 30",2026-03-29
"29 Tue  29 6",2026-03-29
"29 S8 Exam Ends s8-4 Sat Thu  28",2026-03-29
"29 Tue Mon  29 28",2026-03-29
"9  completed for B. Des S3/S5",2026-03-29
"30 Onam Holiday",2026-03-29
"7 S3 MBA S e c t i o n O f f i c e r Thu",2026-03-29
"63 Sun",2026-03-29
"30 Tue",2026-03-29
"31 Onam Holiday Thu",2026-03-29
"30 Sat",2026-03-29
"30 Tue Course Selection and Mapping Begins",2026-03-29
"15 Mahasivarathri",2026-03-30
"20 Second Series test to be  31 31 31",2026-03-30
"2 Sun  31 26",2026-03-30
"27 Sat Sat  31",2026-03-30
"27 Tue  31 79",2026-03-30
"29 Sat",2026-03-30
"28 Fri  31",2026-03-30
"28 Wed Wed  31",2026-03-30
"18 Fri Fri  31",2026-03-30
"10 Sat",2026-03-30
"days within the same semester, including Saturdays, to ensure the timely completion of the syllabus. Thu",2026-03-30
"22 Sun",2026-03-30
"31 Onam Holiday Onam Holiday Vacation Thu  31",2026-03-30
"29 BA S4 Fri",2026-03-30
"31 Thu",2026-03-30
"31 Sun  31",2026-03-30
"10 S4/S6/S8/S10  (S3/S5/S7/S9) without Fine",2026-03-30
"without Fine",2026-03-30
"30 LTM LTM LTM LTM LTM LTM LTM LTM LTM LTM LTM LTM LTM LTM LTM LTM LTM LTM LTM LTM LTM LTM LTM LTM",2026-03-30
"31  8",2026-03-30
"31  s i g n a t u r e . Sun",2026-03-30
"1 Important Dates Important Dates Important Dates Important Dates Wed",2026-03-31
"1 Mahanavami Mahanavami Description Sat",2026-03-31
"1 Lab Examinations for S3, S5 and S7 Description Mon",2026-03-31
"1 Date Description Description Description Description Description Mon",2026-03-31
"1 Tue Thu  2",2026-03-31
"32  13 32",2026-03-31
"16 Mon  15",2026-03-31
"26 Lab Examinations for S3, S5 Class Ends. Publish Attendance Tue  26",2026-03-31
"2 Date Tue",2026-04-01
"2 Date Date Date Tue",2026-04-01
"1 Sun Sun  2",2026-04-01
"33  38",2026-04-01
"22  33 33 33",2026-04-01
"1 Series Commencement of S3/S5/S7/S9 Commencement of S3/S5/S7 test R e to a d be : - completed 1 . M i n u t e s o f t h e  1 s t",2026-04-02
"20 Sat  34 20",2026-04-02
"31 Lab Examinations for S3 Last date for Entering End Semester Students 6 . S F / F C",2026-04-02
"20 S3 s3-3  21",2026-04-03
"37 Mon  22 54",2026-04-03
"23 Commencement of S6 Last date for Entering S4 Exam 1 . P r i n c i p a l s o f a l l a 3 f  35 f i l i a Sat t e",2026-04-03
"24  21",2026-04-04
"28 Project Evaluation‐I MBA S4 Examination",2026-04-04
"9 Tue  9",2026-04-05
"26 Commencement of classes for B. Tech S3/S5/S7 End Semester Students Wed  37",2026-04-05
"23 B. Tech S3/S5/S7",2026-04-06
"24  57 55",2026-04-06
"75 Thu Fri  38 27 28",2026-04-06
"3  39 39 39 39",2026-04-07
"8 Begins for MBA S3 .  34",2026-04-07
"25  24",2026-04-07
"25  44",2026-04-07
"27 S7 Odd Semester(2026) s5-2",2026-04-07
"33  40 40 40 40 their Tue S6",2026-04-08
"28 Odd Semester(2026)  40 45",2026-04-08
"28 MBA S3 Examination Thu  25",2026-04-08
"9  36",2026-04-09
"6  43 43 43 43",2026-04-11
"11 Wed",2026-04-11
"27  44 44",2026-04-12
"17  15",2026-04-12
"30 Fri  12",2026-04-13
"63  23 23 23 23",2026-04-16
"29  48 48",2026-04-16
"15 Sun  49 49 49 14",2026-04-17
"29 Thu Fri Mon necessary 15 14 16 documents 78th Independence Day and obtain permission Mon  15",2026-04-17
"Academic Calendar - 26 to June 2026 Academic Calendar - Apr 2026 to June 2026 Academic Calendar - July 2025 to December 2025 Academic Calendar - July 2025 to December 2025 Academic Calendar - July 2025 to December 2025 Academic Calendar - July 2025 to December 2025 Academic Calendar - July 2025 to December 2025 Academic Calendar - July 2025 to December 2025 Academic Calendar - July 2025 to December 2025 Academic Calendar - July 2025 to December 2025",2026-04-19
"Academic Calendar - 26 to June 2026 Academic Calendar - Apr 2026 to June 2026 Academic Calendar - Jan 2026 to Mar 2026 Academic Calendar - Jan 2026 to Mar 2026 Academic Calendar - Jan 2026 to Mar 2026 Academic Calendar - Jan 2026 to Mar 2026 Academic Calendar - Jan 2026 to Mar 2026 Academic Calendar - Jan 2026 to Mar 2026 Academic Calendar - Jan 2026 to Mar 2026 Academic Calendar - Jan 2026 to Mar 2026 Academic Calendar - Jan 2026 to Mar 2026",2026-04-19
"Academic Calendar - 26 to June 2026 Academic Calendar - Apr 2026 to June 2026 Academic Calendar - Apr 2026 to June 2026 Academic Calendar - Apr 2026 to June 2026 Academic Calendar - Apr 2026 to June 2026",2026-04-19
"18 Meeting.  51 51 51",2026-04-19
"1 Tue  23",2026-04-22
"25  56 56",2026-04-24
"Days Date  Description Description Class Days Date Description Description May-26 Days Date Description Description Jun-26",2026-04-25
"Date Date  Apr-26 Apr-26 Apr-26 Apr-26 Description Description Date Date Description Description May-26 May-26 May-26 May-26 May-26 Class Date Date Description Description Jun-26 Jun-26 Jun-26 Jun-26 Class Jun-26",2026-04-25
"23  58 24",2026-04-26
"2  s3-4 Onam Holiday Wed",2026-04-30
"1 Tue",2026-04-30
"1 Thu Thu Thu Tue Tue Tue Tue  1 1 1 1 1 1",2026-04-30
"1 Fri Fri Fri Fri Fri Sun Sun  1 1 1 1 1 1",2026-04-30
"1 Mon Mon Mon Mon Mon Sun Sun  1 1 1 1 1 1",2026-04-30
"1 Thu Thu Thu Thu  1 1 1",2026-04-30
"1 Sun Sun Sun Sun  1 1 1",2026-04-30
"1 Training for B.Arch S7 Sun Sun Sun Sun  1 1 1",2026-04-30
"1 Wed",2026-04-30
"2 Fri",2026-04-30
"1 May Day May Day Mon",2026-04-30
"59 Mon",2026-05-01
"3 Tue Commencement of S4 Classes",2026-05-01
"59 Sat Mon  3",2026-05-01
"1 Wed Fri  3 1 2 59",2026-05-02
"11 Fri",2026-05-02
"1 May Day Wed",2026-05-02
"2 Fri",2026-05-02
"4 Thu Thu  3",2026-05-02
"3 Good Friday",2026-05-02
"3 Sun Sun  3 3",2026-05-02
"3 Wed Wed Wed  3 3",2026-05-02
"3 Class Ends. Publish Attendance and Last date for corrections related to  4",2026-05-02
"4 Fri Fri  3",2026-05-02
"3 Sat",2026-05-03
"4 Semester Enrollment Ends for S3 MBA Last date for First Advisory Meeting. Semester Enrollment Ends for S3/S5/S7 Last date for First Advisory Meeting. Last date for First Advisory Meeting. Last date for First Advisory Meeting. Last date for First Advisory Meeting. Good Friday Good Friday Good Friday Tue Tue Sun Sun  4 3 3",2026-05-03
"3 Thu",2026-05-03
"4 Good Friday Tue",2026-05-03
"29 Reopening of Colleges after Christmas 16",2026-05-10
"59  18 18",2026-05-12
"82  12 1 1 9 1 1",2026-05-13
"18 Mon Mon Mon Mon  14 14 14",2026-05-13
"70  19 19 19 19",2026-05-18
"1 May Day Mon  1",2026-05-22
"1 May Day  26 23 23 9",2026-05-22
"30 Christmas  56 78 78",2026-05-31
"3 Maundy",2026-06-27
"26 Sun Sun Sat 29 29 28  56",2026-06-30
"26 Christmas Holiday Mon Christmas Holiday Tue Tue 31 31 30  79",2026-06-30
"17 Commencement of S8",2026-06-30
"1 Commencement of S8,S6, S4 Classes Description",
"1 Commencement of S8,S6 Classes Commencement of S4 Classes Commencement of S10,S8,S6, S4 Description 1",
"1 Days Commencement of S4 Classes Date Description Description Description Description Description 1",
"1 Days Date S9 Examination Description Description Description Description Class Class",
"1 Days Days Date S3 Examination Description Class Class",
"Days Date Date Days Days Days Days Days Date Date Date Date Date Description Class Class Days Class Class Class Class Class Date Date Days Days Days Days Days Date Date Date Description Class Class Days Class Class Class Class Class Date Date Days Days Days Days Days MBA S3 Examination Date Date Date Date Date Description Class Class Class Class Class Class Class",
"2 Commencement of classes for B. Tech S3/S5/S7 Commencement of Practical Training for B.Arch S7 Commencement of classes for BBA S3 Commencement of classes for BCA S3 Commencement of classes for BHMCT S3/S5/S7 Gandhi Jayanthi - VijayaDhashami Gandhi Jayanthi - VijayaDhashami Commencement of S3/S5/S7 Class Class Class Class Sun Sun Days Days Days 2",
"2 Commencement of S3/S5 Classes Gandhi Jayanthi - VijayaDhashami Gandhi Jayanthi - VijayaDhashami Commencement of S3/S5/S9 1",
"1 Commencement of Practical S3 Examination Onam Holiday Tue Second",
"5 Mon . 2 0 2 5 1 , V i d e i t e m Onam Holiday N o . 0 3 1 . 0 3 . 0 8 . Wed",
"1 Tue Thu Class Ends for B. Des S4, S6 1",
"2 Gandhi Jayanthi - VijayaDhashami Commencement of S3 Classes",
"1 Onam Holiday Wed",
"1 Commencement of S3 Classes Commencement of S3 Classes",
"1 Onam Holiday Onam Holiday Onam Holiday Onam Holiday Onam Holiday",
"3 Commencement of S3 Classes Semester Enrollment Begins for S3/S5/S7/S9 Commencement of classes for B. Des S3/S5 Semester Enrollment Begins for S3/S5/S7 Semester Enrollment Begins for S3 Semester Enrollment Begins for S3 Semester Enrollment Begins for S3/S5/S7 Classes Classes",
"3 KTU Survey(2)- Syllabus Coverage 1",
"1 Last Date for Attendance and May Day May Day",
"3 Sun Jury Evaluation to be completed for Internal Mark Corrections (S3) 2",
"1 Internal Mark Corrections",
"1 Onam Holiday 3",
"2 Commencement of classes for B. Arch S3/S5/S9",
"29 Tue Mon Mon Mon S5 Examination 2 2 2",
"2 Onam Holiday 54 52",
"2 Semester Enrollment Ends for S3 Semester Enrollment Begins for 2",
"2 Feedback(Mandatory) 2 2 2 2 2",
"2 Onam Holiday 59 59 59 59",
"2 Semester Enrollment Begins for S3 Semester Enrollment Ends for S3/S5/S7/S9 Semester Enrollment Begins for S3/S5/S7 Semester Enrollment Ends for S3/S5/S7 Semester Enrollment Ends for S3 Semester Enrollment Ends for S3 Semester Enrollment Ends for S3/S5/S7 Semester Enrollment Begins for Maundy Thursday Maundy Thursday",
"2 Semester Lab Examination without Fine",
"2 Semester Enrollment Begins for S3/S5/S7/S9 Good Friday Tue Sun",
"2 Onam Holiday",
"3 Sun Tue Tue Mon Feedback(Mandatory) 3 3 3",
"2 Onam Holiday 55 50",
"3 Tue Tue Tue Tue Tue examinations, 3 3 3 3 3",
"3 Onam Holiday Onam Holiday Onam Holiday Fri",
"3 Commencement of S3 End Semester Thu Last date for the completion of",
"4 Wed S7 Examination",
"3 Semester Enrollment Ends for S3/S5/S7/S9",
"3 Sun Tue IA Marks for BHMCT S3/ S5/S7 Second series test to be completed 3",
"4 Course Selection and Mapping Begins for MCA S3 . Mon",
"4 Commencement of S6 Examination 4 4 course selection and mapping on 4 4 4 4 4",
"3 Lab Examination",
"4 Mon Wed Last Date for Attendance and 4 for MBA S3 4",
"4 Course Selection and Mapping Begins for B. Tech S3/S5/S7 (Regular/Honours/Minor) Course Selection and Mapping Begins for BBA S3 (Regular/Minor) Course Selection and Mapping Begins for BCA S3 Course Selection and Mapping Begins for BHMCT S3/S5/S7. Wed Wed",
"4 Last date for corrections related to course selection and mapping on course selection and mapping on KTU portal s4-7 S4 s4-4 24",
"4 Last date for First Advisory Meeting. Wed Last date for Entering Attendance",
"4 Internal Mark Corrections",
"4 Exam Registration begins for 5 5 5 5",
"5 Course Selection and Mapping Ends for MBA S3 . Course Selection and Mapping Ends for S3/S5/S7/S9 Course Selection and Mapping Begins for B. Des S3/S5/S7 . Easter Tue Wed Tue Class Ends. Publish Attendance and 5",
"5 Commencement of S4 Examination 5 (S3/S5/S9) without Fine First series test for MBA S4 to be",
"5 Exam Registration begins for",
"5 Second Internal Audit by College ഒ ന് ന ാം ഓ ണ ാം Sun Mon",
"6 IA Marks for B. Des S3/ S5 Thu",
"7 Last date for Entering Attendance Mid Stage Evaluation (Project) തിരുേവാണം തിരുേവാണം - - നബി ദിനം നബി ദിനം Sun Tue Tue",
"6 Last date for corrections related to course selection and mapping on KTU portal Last date for corrections related to course selection and mapping on KTU portal Last date for corrections related to course selection and mapping on KTU portal Last date for corrections related to course selection and mapping on KTU portal Muharam",
"7 Sat and Internal Marks(S4/S6) on",
"5 Course Selection and Mapping Ends for B. Arch S3/S5/S7/S9 . Wed",
"7 Wed and Internal Marks(S3/S5) on KTU 6",
"6 Commencement of Lab Muharam 61 61",
"5 Last date for corrections related to course selection and mapping on KTU portal Muharam 14",
"26 Semester Enrollment Begins for",
"6 Exam Registration begins for MBA S3 . Exam Registration begins for Int. MCA S3/S5/S7/S9 . Exam Registration begins for B. Tech S3/S5/S7 (Regular/Honours/Minor) Exam Registration begins for BBA S3 (Regular/Minor) Exam Registration begins for BCA S3 Exam Registration begins for BHMCT S3/S5/S7. Course Selection and Mapping Course Selection and Mapping Muharam Muharam",
"6 Commencement of Industrial 6",
"8 Tue Publish attendance and IA Marks 7",
"7 Publish attendance and Semester Enrollment Begins for KTU Portal 71",
"8 KTU Portal Ends for MBA S4 62",
"7 Course Selection and Mapping Course Selection and Mapping Course Selection and Mapping Course Selection and Mapping Course Selection and Mapping 17",
"7 Last date for corrections related to course selection and mapping on KTU portal Examinations for S4",
"6 Exam Registration ends for MCA S3 (Student Level ) . o w i n g u n d e Muharam r g r a d u a t e a n d 61 p o s Fri t g r Wed a d 7 u a t 6 e p r o g r a m m e s f o r t h e A c a d Sun e Semester Enrollment Begins for m 26 i c",
"8 Semester Enrollment Begins for Ends for Int. MCA Ends for MCA S4 84 62 62",
"7 Sat Sat Sat Sat Exposure Training Evaluation for 6 7 7 7",
"7 Sun Semester Enrollment Begins for S4",
"8 Last date for the completion of First Internal Audit by College level IQAC Exam Registration ends for S3/S5/S7/S9 (Student Level ) . Exam Registration begins for B. Des S3/S5/S7 Semester Enrollment Begins for Semester Enrollment Begins for for MBA S4 62",
"6 Course Selection and Mapping Ends for B. Arch S4/S6/S8/S10 Semester Enrollment Begins Semester Enrollment Begins Ends for B. Des S4/S6/S8 Ends for BBA S4(R/M) Ends for B. Tech Ends for BCA S4 Muharam 63 63",
"9 Exam Registration ends for B. Tech S3/S5/S7 (Regular/Honours/Minor) Exam Registration ends for BBA S3 (Regular/Minor) Exam Registration ends for BCA S3 Exam Registration ends for BHMCT S3/S5/S7. Sat",
"7 S5 Examination Sree Narayana Guru Jayanthi Sree Narayana Guru Jayanthi Tue Wed",
"7 Exam Registration begins for B. Arch S3/S5/S7/S9 S3 5 6",
"8 Sun Sun Commencement of S4 Classes 8",
"8 Ends for BHMCT S4/S6/S8(.) S4/S6/S8(R/H/M) for S3/S5/S7 for S3",
"7 Thu Class Ends for Int. MCA S4,",
"9 Exam Registration ends for MBA S3 (Student Level ) . Exam Registration (Int. MCA S3/S5/S7/S9)- College Level Submission . Exam Registration ends for B. Des S3/S5/S7",
"7 External Project evaluation and Arts Festival- College Level S4 Tue s4-5",
"10 S3/S5/S7 Exam Registration- Last Date for College Level Submission (Regular/Honours/Minor) S3 Exam Registration- Last Date for College Level Submission (Regular/Minor) S3 Exam Registration- Last Date for College Level Submission S3/S5/S7 Exam Registration- Last Date for College Level Submission. 85 64",
"8 Vacation, Reopening of colleges After Onam Commencement of Classes 8",
"9 Exam Registration ends for B. Arch S3/S5/S7/S9 63 23",
"9 First Series test to be completed for MCA S3 S6,S8, S10 49",
"9 Viva voce for Int. MCA S10 begins",
"10 Fri Last date for Entering Internal Commencement of S3 Examination 8",
"8 Exam Registration (MBA S3)- College Level Submission . First Series test to be completed for S3/S5/S7/S9 S3/S5/S7 Exam Registration- Last Date for College Level Submission",
"8 Exam Registration begins for for",
"10 Second Internal Audit by College level",
"9 First Series test to be completed for B. Tech S3/S5/S7 (Regular/Honours/Minor) First Series test to be completed for BBA S3 (Regular/Minor) First Series test to be completed for BCA S3 First Series test to be completed for BHMCT S3/S5/S7.",
"8 KTU Mid Term Survey- Syllabus Coverage 64",
"8 Class Ends. Publish Attendance and",
"9 First Series test to be completed for MBA S3 KTU Mid Term Survey- Syllabus Coverage First Series test to be completed for B. Des S3/S5/S7 . 50",
"10 KTU Mid Term Survey- Syllabus Coverage KTU Mid Term Survey- Syllabus Coverage KTU Mid Term Survey- Syllabus Coverage KTU Mid Term Survey- Syllabus Coverage Internal Mark",
"8 IA Marks for MBA S3 10 11",
"12 Sun Sun Sun Sun Last date for Entering Attendance 11 11 11",
"11 Commencement of S6,S4 Classes. 46 46 46",
"11 Internal Mark Corrections (S3/S5)",
"10 Last date for Second Advisory Meeting. Last date for Second Advisory Meeting. KTU Mid Term Survey- Syllabus Coverage",
"9 Thu Sat T h 10 11 e a Semester Enrollment Ends for f f i l i a t e d i n s t i t u t i o n s s h a 8 l Tue l Sat Sun a Sun d h 11 e 9 10 r e 10 t o t h e a p p r o v e d a c a d e m Thu i c c a 11 l Wed e Tue Wed n d a 10 r s",
"9 Commencement of S8 10 f o r e f Last date for the completion of First f e Last date for Second Advisory c t i v e a c a d e 1 m i c p l a n 44 n i n g Sun Thu Sat Last date for Entering Attendance 11 11",
"12 Internal Audit by College level IQAC Second Series test to be completed for Second Series test to be completed for Meeting. 4 62",
"10 Sun Sun Last date for Entering attendance 12",
"10 T 12 12 12 12 h e A c a d e m i c C o u n c i l a l s Semester Enrollment Ends for o Semester Enrollment Ends for S4 i n s 47 47 47 47 t Wed r u S4/S6/S8 c t e Thu Thu Thu Thu Last date for the completion of First 10 d t o 12 12 12 12 c i r c u l a t e t h e A c a d e m i c 44 67 67 67",
"11 Last date for the completion of First Internal Audit by College level IQAC Last date for the completion of First Internal Audit by College level IQAC Last date for the completion of First Internal Audit by College level IQAC Last date for the completion of First Internal Audit by College level IQAC for S4/S6 Tue Sun",
"12 Semester Enrollment Ends for Thu",
"10 SemesterEnrollmentcommencesforMB",
"11 Exam B.Tech S4/S6/S8 . B.Des S4/S6/S8 . B.Tech S4 (Regular/Minor) BCA S4 Exam Registration Registration begins begins for for",
"12 Second Series test to be completed for MCA S3 Last date for Second Advisory Meeting. 10 9",
"10 Internal Audit by College level IQAC Sat Mon",
"12 Thu Commencement of S3 Examination",
"11 Exam Registration ends for B. Des",
"12 Semester Enrollment Ends for S4 Thu",
"11 S4/S6/S8/S10 Internal Audit by College level IQAC Thu",
"12 Second Series test to be completed for 2 67",
"13 End Semester Students Feedback(Mandatory) Second Series test to be completed for S3/S5/S7/S9 . Commencement of Classes for B. Des S7 (Second half of 7th semester) 21",
"16 Fri Fri Commencement of Internship for 13",
"13 BHMCT S3/S5/S7 (Student Level ). Exam Registration ends for S3 (Student Level ) 43",
"11 Second Series test to be completed for B. Tech S3/S5/S7 (Regular/Honours/Minor) Second Series test to be completed for BBA S3 (Regular/Minor) Second Series test to be completed for BCA S3 Annual Sports Meet-College Level 9 26 26 26",
"12 Exam Registration ends for MCA S4 s4-6",
"12 Internal Audit by College level IQAC",
"12 KTU Survey(2)- Syllabus Coverage Last date for the completion of First Internal Audit by College level IQAC 65",
"12 Commencement of S5 Examination S3/S5/S7/S9 (Student Level ) . 87 s5-1 Sat",
"12 Tue Mon Tue Tue Fri Commencement of S7 Examination Commencement of S3 Examination 12 12 12 11",
"12 Exam commences for Int. MCA S8 14",
"12 Second series test to be completed for MBA S3 KTU Survey(2)- Syllabus Coverage Last date for Second Advisory Meeting. Wed S3/S5",
"13 Internal Audit by College level IQAC Sat",
"12 KTU Survey(2)- Syllabus Coverage KTU Survey(2)- Syllabus Coverage KTU Survey(2)- Syllabus Coverage Second Series test to be completed for BHMCT S3/S5/S7. Ambedkar's Birthday",
"13 Sun Sun Last Date for Attendance and 13",
"13 End Semester Students Feedback(Mandatory) Second Series test to be completed for B. Arch S3/S5/S7/S9 .",
"13 Commencement of S3 Examination",
"14 Last date for the completion of First Internal Audit by College level IQAC",
"13 Last date for Entering Internal 14",
"12 Class Ends. Publish Attendance and IA Marks for MBA S3 End Semester Students Feedback(Mandatory) 23",
"12 Second Series test to be completed Tue for B. Des S7",
"12 Last date for Entering Attendance Fri",
"13 Second Semester Enrollment Ends for Series test to be completed 51 28 28 28",
"14 Annual Sports Meet-College Level Annual Sports Meet-College Level Annual Sports Meet-College Level KTU Survey(2)- Syllabus Coverage",
"14 Class Ends. Publish Attendance and IA Marks for MCA S3 Semester Enrollment Ends for Semester Enrollment Ends for Semester Enrollment Ends for Semester Enrollment Ends for",
"13 Sun Exam commences for Int. MCA S4 13",
"16 Annual Sports Meet-College Level without Fine-S4/S6/S8 for BCA S3 Ambedkar's Birthday Interim Project Evaluation-I for Second Series test to be 66",
"19 Thu Mon examinations,",
"14 Last Date for Attendance and 16 may do so with the approval of",
"14 Wed Fri Wed r e 16 15 15 s o l u t i o n o f t h e A c a d e m 67 67 i c Sat C Sat o 24 u 15 n c 15 i Mon l , v Commencement of S9 Examination i d e",
"16 Exam Registration ends for MBA e m i c C 11 a l e n d 11 a r s o f o d d a n d",
"14 Last date for Entering Attendance and Internal (S3) on KTU Portal S3/S5/S7 MCA S4 10",
"14 KTU Survey(2)- Syllabus Coverage 67 52",
"15 Class Ends. Publish Attendance and IA Marks for B. Tech S3/S5/S7 (Regular/Honours/Minor) Class Ends. Publish Attendance and IA Marks for BBA S3 (Regular/Minor) Class Ends. Publish Attendance and IA Marks for BCA S3 Class Ends. Publish Attendance and IA Marks for BHMCT S3/S5/S7.",
"16 KTU Survey(2)- Syllabus Coverage KTU Survey(2)- Syllabus Coverage Vishu 68",
"15 Last Date for Attendance and Internal Mark Corrections (S3) without Fine Ambedkar's Birthday 11",
"16 Internal (S3/S5/S7/S9) on KTU Portal End Semester Students Feedback(Mandatory) 68",
"15 Sun Sun Sun Sun ClassEnds. PublishAttendance 18 18 18",
"15 KTU Survey(2)- Syllabus Last date for First Advisory",
"16 Exam Registration ends for Int. Sat Wed from their 16 18 respective colleges. Heads of",
"16 Last date for Entering Attendance on KTU Portal(S3/S5/S7)-R/H/M Last date for Entering Attendance on KTU Portal(S3)-R/M Last date for Entering Attendance on KTU Portal(S3) Last date for Entering Attendance on KTU Portal(S3/S5/S7) Last date for First Advisory Last date for First Advisory Last date for First Advisory Last date for First Advisory 68",
"15 Exam Registration ends for B. Vishu",
"16 Commencement of S3 End Semester Lab Examination Last date for First Advisory Vishu Coverage",
"19 Last date for the completion of Second Internal Audit by College level IQAC Commencement of S3/S5/S7/S9 End Semester Lab Examination End Semester Students Feedback(Mandatory) Exam Registration ends for Exam Registration ends for BCA Exam Registration ends for BBA MCA S4/S6/S8/S10 (Student",
"71 Mon Mon Mon Mon Sun Thu T h 18 19 19 19 19 16 e a Exam Registration ends for MCA Second p Arch S4/S6/S8/S10 (Student p Last date for First Advisory r S4/S6 o v Series e d a test c a d to e m be i c c a 68 l e n d 30 30 30",
"17 Exam Registration begins for Vishu Meeting.",
"17 Commencement of Lab Examinations for S3/S5/S7 Last date for Entering Internal marks on KTU Portal(S3)-R/M Commencement of Lab Examinations for S3 Commencement of Lab Examinations for S3/S5/S7",
"16 Commencement of S3 Examination Commencement of S4 B. Des S4/S6/S8 (Student Level ) S4 (Student Level ) S4 (Student Level ) Level ) 25",
"65 Note: In the event that holidays are declared by the district collector or the state government, the institutions are required to reschedule the lost instructional Fri Last date for Entering Last Date for Attendance and",
"17 Last date for Entering Attendance and Internal marks on KTU Portal(S3/S5/S9) completed for B. Arch S3/S5/S9 .",
"17 Commencement of MBA S4 Classes Class Ends. Publish Attendance and IA Marks for B. Des S3/S5 . Second Exam Registration ends for S4 (Student Level ) Series Meeting. test to be",
"5 Tue Thu Sat Sat Last date for attendance and IA 20 18 18",
"49 Sat Thu days within the same semester, including Saturdays, to ensure the timely completion of the syllabus. 18",
"16 Thu Attendance andInternalMarks",
"17 Internal Mark Corrections completed for S3/S5/S7/S9 . Mon",
"18 Class Ends. Publish Attendance 16",
"17 Semester lab examination. S4 Thu Tue",
"22 Thu Thu Thu Last Date for Attendance and 19 19 17 17",
"17 Last date for the completion of Second Internal Audit by College level IQAC Last date for Entering Internal marks on KTU Portal(S3/S5/S7)-R/H/M Last Date for Attendance and Internal Mark Corrections(S3) without Fine Last date for Entering Internal marks on KTU Portal(S3) Last date for Entering Internal marks on KTU Portal(S3/S5/S7) BHMCT S4/S6/S8",
"18 Last date for Entering Attendance and Internal marks on KTU Portal(S3/S5) Annual Sports Meet-College Level Tech S4/S6/S8 (Student Level )",
"16 Thu O r 17 d Internal Mark Corrections e r s a r e i s s u e d a c c o r d i n g l y .",
"16 S5 Exam,",
"49 Sat days within the same semester, including Saturdays, to ensure the timely completion of the syllabus.",
"17 Last Date for Attendance and Internal Mark Corrections(S3/S5) without Fine Last Date for Attendance and Internal Mark Corrections(S3/S5/S9) without Fine Annual Sports Meet-College Level Annual Sports Meet-College Level Wed Wed",
"17 Course Selection and Mapping",
"20 Commencement of S8 without Fine-S4",
"17 Course Selection and Mapping Course Selection and Mapping Sun",
"17 S9 Exam, Valuation Camp Exam Registration (BBA S3)- Wed",
"21 Exam Registration (BHMCT Fri",
"36 Note: In the event that holidays are declared by the district collector or the state government, the institutions are required to reschedule the lost instructional Fri",
"18 Course Selection and Mapping",
"18 Exam Registration (B. Des S3/S5/S7/S9)- College Level",
"19 Attendance and Internal (S7) on 18 17",
"18 S3/S5/S7)- College Level Submission Exam Registration (BCA S3)- s9-2 Fri",
"18 Jury Evaluation to be completed for S3/S5 Begins for B. Arch S3/S5/S7/S9 . Begins for BCA S3 14 15",
"21 Commencement of S7 Sat",
"17 Mon days within the same semester, including Saturdays, to ensure the timely completion of the syllabus.",
"19 Sat S3/S5/S7)- College Level Submission",
"20 Examinations for S4 and S6. (Regular/Honours/Minor) s8-1 Wed",
"20 Portfolio Submission(S10) (Regular/Honours/Minor) Sat",
"19 Annual Sports Meet-College Level Course Selection and Mapping (Regular/Minor) Wed",
"19 Commencement of S5 Examination Valuation Camp (Regular/Minor) Fri",
"19 Christmas Vacation Starts Christmas Vacation Starts Semester Enrollment Ends for MBA 5",
"(Regular/Minor) Examination Submission. Sat",
"19 Second Series test to be completed for B. Des S7 Course Selection and Mapping Tue",
"19 Exam Registration (MCA S3)- S6 Fri",
"21 Commencement of End Semester Examination for B. Arch S3",
"20 Begins for S3/S5/S7/S9 . ദീപാവലി Thu",
"19 Begins for MCA S3 . College Level Submission . S d / - Tue",
"19 Commencement of End Semester Examination for B. Tech S7 Commencement of classes for BBA S4 Commencement of End Semester Examination for BHMCT S3 Feedback(Mandatory) Feedback(Mandatory) ദീപാവലി ദീപാവലി Thu Thu Thu",
"20 Commencement of S5 Examination 19",
"19 Class Ends. Publish Attendance and IA Marks for B. Des S7 ദ ീ പ ന ല ി Thu",
"19 Commencement of S7 Examination 19",
"23 Lab Exam commences for Commencement of End Semester Examination for B. Arch S9 KTU Survey(2)- Syllabus 28",
"24 Mon Sun Commencement of End Semester 22",
"23 Examination Course Selection and Mapping",
"20 Sun Sun Sun Commencement 20 20",
"20 Christmas Holiday",
"20 KTU Feedback(Mandatory) Survey(2)- ദ ീ പ ന ല Syllabus ി",
"49 Sat Christmas Holiday Christmas Holiday Mon Christmas Holiday 20 23 68",
"21 Last date for Entering Attendance and Internal (S7) on KTU Portal 78 15",
"64 Thu Tue examination for MBA S4 22",
"21 Sun Commencement of S9 Examination",
"21 Christmas Holiday Sun",
"23 Examination",
"47 Mon Christmas Holiday 23",
"21 Commencement of S4 Coverage 70",
"22 Thu Thu Commencement of S3 Examination 21",
"22 Commencement of S3 Classes Fri",
"22 Mon Christmas Holiday Christmas Holiday",
"22 Last date for the completion of Second Internal Audit by College level IQAC Class Ends. Publish Attendance",
"2 Tue Tue Publish IA Marks for B. Des S8 25 23 22 22",
"20 Commencement of End Semester Examination for B. Des S5 End Semester Students",
"21 Jury Evaluation to be completed for S7 Examination 70",
"22 Christmas Holiday Wed",
"22 Mon Mon Sun Christmas Holiday 22 22",
"56 Christmas Holiday",
"22 Feedback(Mandatory) Sat",
"23 Semester Enrollment Begins for",
"24 First Series test to be completed for S8 Tue",
"48 Christmas Holiday",
"24 Exam Registration (MBA S3)- 70",
"24 First Series test to be completed for",
"53 Christmas Holiday Christmas Holiday Sun",
"24 Commencement of classes for B. Tech S8,S6 Commencement of classes for BHMCT S8,S6, S4 KTU Survey(2)- Syllabus Tue First Series test to be completed for",
"22 Commencement of End Semester Examination for B. Des S3 Class Ends. Publish Attendance End Semester Students Republic Day",
"26 First Series test to be completed for 23",
"21 Last date for Entering Attendance and Internal (S7) on KTU Portal. Class Ends. Publish Attendance 56",
"23 Commencement of S3 Examination",
"22 First Series test to be completed for First Series test to be completed for",
"22 Christmas Holiday Second Series test to be completed 53 53",
"23 College Level Submission .",
"23 Christmas Holiday",
"22 Attendance (S3/S5/S7) on KTU S8 Karkidaka Vavu Karkidaka Vavu",
"22 Christmas Holiday",
"24 Second series test of MBA S4 to be",
"48 Tue Fri Christmas Holiday 23",
"27 Christmas Holiday 53 67",
"26 Interim Project Evaluation-II for S6 Wed",
"22 Fri Fri d c 23 o 27 27 l l e g course selection and mapping on e s .",
"25 Commencement of S6 Tue",
"25 KTU Mid Term Survey- Syllabus for S7 S3 s3-4 Thu",
"25 Christmas Holiday Christmas Holiday Christmas Tue",
"24 Exam Registration ends for Int. for BCA S4 for BBA S4 Sun",
"24 Fri Note: In the event that holidays are declared by the district collector or the state government, the institutions are required to reschedule the lost instructional",
"25 Attendance (S3) on KTU Portal s6-1",
"23 Commencement of S6 S4 (College Level ) Karkidaka Vavu 58",
"24 KTU Mid Term Survey- Syllabus KTU Mid Term Survey- Syllabus S3-6 MCA S4 Tue",
"28 KTU Mid Term Survey- Syllabus KTU portal Wed",
"28 Last date for the completion of Second Internal Audit by College level IQAC completed for BHMCT S3/S5/S7. Examination 36",
"First Series test to be completed to be completed. Valuation Camp Valuation Camp Coverage Christmas Holiday",
"Note: In the event that holidays are declared by the district collector or the state government, the institutions are required to reschedule the lost instructional Note: In the event that holidays are declared by the district collector or the state government, the institutions are required to reschedule the lost instructional Wed Sat Last date for Entering Internal 28",
"28 KTU Mid Term Survey- Syllabus Thu",
"28 First Series test to be completed for Sat",
"24 Commencement of S4 Attendance (S3) on KTU Portal and IA Marks for Level )",
"27 Class Ends for B. Tech S4, S6,S8",
"26 Wed Thu Christmas Holiday 24 25 56 40",
"23 Sat S5 Exam, Jury Evaluation to be 23 26",
"24 Marks(S8) on KTU Portal Commencement of S4 Exam Registration ends for MBA for B. Tech S4/S6/S8 3 . P A t o R e g i s t s4-1 r a 59 r / Mon C Mon E Tue / Even Semester(2025-2026), S4/S6/S8 F 24",
"26 KTU Mid Term Survey- Syllabus Wed",
"24 Fri Christmas Holiday 25 26",
"25 Christmas MBA S3 Sat days within the same semester, including Saturdays, to ensure the timely completion of the syllabus. days within the same semester, including Saturdays, to ensure the timely completion of the syllabus.",
"25 Christmas Holiday Thu",
"25 Christmas Holiday Sat",
"25 Christmas Holiday 28 56 56 62",
"26 S9 Examination Fri",
"25 Examination S4 (student level)",
"41 Sat Christmas Holiday 27",
"25 Commencement of Practical Training for B.Arch S7 38 38",
"27 Final External Evaluation to be 27 27",
"25 S3 Examination 41 41 46",
"24 Christmas Holiday",
"26 Christmas Holiday Fri",
"27 Last date for the completion of Second Internal Audit by College level IQAC",
"27 S3 Examination Sun",
"30 Project Evaluation-III for MCA S4",
"28 Commencement of S4 Arch S3/ S5/S9",
"28 Ayyankali Jayanthi; Onam vacation begins. S5-6 Sun Christmas Holiday",
"26 Commencement of classes for B. Arch S3/S5//S9 Fri",
"27 Sun Christmas Holiday 27",
"28 Christmas Holiday Sun",
"28 Sat Sun Sun Christmas Holiday 27 28",
"27 Onam vacation begins. Bakrid Bakrid Sun",
"79 Mon days within the same semester, including Saturdays, to ensure the timely completion of the syllabus.",
"26 Project Evaluation‐II of MBA S4 to",
"42 Holiday(S3/S5), Odd Semester(2026) Onam vacation begins. Onam vacation begins. Sat",
"25 Tue Christmas Holiday",
"29 Last date for Entering Internal 20 20",
"29 Holiday Holiday Reopening of Colleges after Christmas Mon Mon Thu Mon",
"29 Christmas Holiday Tue",
"29 Christmas Holiday 25 29 31 57 57 57",
"27 Marks (S3/S5/S7) on KTU Portal S4 Exam Attendance and",
"31 Class Ends for MCA S4 16",
"28 Christmas Holiday Commencement of Lab be completed.",
"29 Internship Ends for B. Des S7 Ayyankali Jayanthi; Holiday Mon Sun",
"29 S3-Minor Exam Holiday Holiday Mon Sun",
"29 Commencement of internship for B. Des S7 (Regular/Honours/Minor) Internal (S3/S5/S9) on KTU Last date for Entering",
"29 Onam vacation begins. Mon",
"Note: In the event that holidays are declared by the district collector or the state government, the institutions are required to reschedule the lost instructional Mon",
"27 S5 Examination Sun Reopening of Colleges after Christmas 28",
"29 Internal (S3/S5/S7/S9) on KTU",
"29 S3 Examination Sun Course Selection and Mapping Begins",
"26 Commencement of Final External Tue",
"31 Muharram Class ends for MBA S4",
"72 Wed Wed days within the same semester, including Saturdays, to ensure the timely completion of the syllabus. 29",
"29 Course Selection and Mapping s4-5",
"26 Tue Fri Thu Last date for Entering Attendance 28 30",
"30 Commencement of classes for B. Des S3/S5 Course Selection and Mapping Course Selection and Mapping",
"28 MBA S3 Examination Tue Mon",
"30 Sun Course Selection and Mapping Begins",
"30 Course Selection and Mapping Begins",
"17 Wed Wed Thu Thu Tue Project Evaluation for B. Des S8 30 30 30 30",
"29 Ends for BBA S3",
"30 Course Selection and Mapping Course Selection and Mapping Ends for B. Tech S3/S5/S7 21",
"30 Onam Holiday Onam vacation begins. Onam Holiday Tue Tue (Regular/Honours/Minor) 30 for B. Arch S4/S6/S8/S10 30 for BCA S4 for BHMCT S4/S6/S8. Christmas Holiday 58",
"27 Ends for B. Arch S3/S5/S7/S9 and Wed",
"30 Ends for B. Des S3/S5/S7 21",
"30 Ends for BHMCT S3/S5/S7. (Regular/Honours/Minor) Ends for BCA S3 S4-3 Sat",
"30 Wed Tue Internal Marks (S8) on KTU 29",
"29 S7 Examination Holiday Mon",
"43 Course Selection and Mapping Reopening of Colleges after Christmas Project Phase II Final Evaluation. Thu Tue Note: In the event that holidays are declared by the district collector or the state government, the institutions are required to reschedule the lost instructional 30",
"30 Last date for Entering Internal Sat",
"30 Second KTU Survey(2)- Syllabus Series test to be",
"30 Onam Holiday Tue Reopening of Colleges after Christmas 30",
"31 Course Selection and Mapping Portal 78",
"29 Marks (S3) on KTU Portal Ends for S3/S5/S7/S9",
"30 Onam Holiday Tue CourseSelectionandMappingBeginsforM 30 58",
"31 Onam Holiday Onam Holiday Fri",
"31 Last Date for Attendance and Ends for MCA S3 Sun",
"29 Mon Mon Semester Enrollment Ends for 29",
"30 Internal Mark Corrections Sun",
"30 Internal Mark Corrections (S3)",
"31 Onam Holiday for MCA S4",
"31 Onam Holiday Thu",
"31 S4 Exam Sun",